layout,query_type,file_count,total_size_mb,listing_time_sec,query_time_sec,result_rows
flat,selective,1,0.258293,0.0002413999754935503,0.0061923000030219555,5
flat,broad,1,0.258293,0.0002413999754935503,0.0026040999800898135,5
by_date,selective,31,0.281423,0.002161900047212839,0.2730345000163652,5
by_date,broad,31,0.281423,0.002161900047212839,0.007906699960585684,5
by_region,selective,4,0.254103,0.0007643999997526407,0.011819300008937716,5
by_region,broad,4,0.254103,0.0007643999997526407,0.01976589998230338,5
by_date_region,selective,124,0.397383,0.010498300020117313,0.5579565999796614,5
by_date_region,broad,124,0.397383,0.010498300020117313,1.10947640001541,5
